,Date,rel_return_same_day
0,1/2/2009,-0.1592632
1,1/5/2009,-0.171802926
2,1/6/2009,-0.205742421
3,1/7/2009,-0.177446632
4,1/8/2009,-0.16978649
5,1/9/2009,-0.186821337
6,1/12/2009,-0.181061931
7,1/13/2009,-0.190669393
8,1/14/2009,-0.179620139
9,1/15/2009,-0.156498289
10,1/16/2009,-0.193810648
11,1/20/2009,-0.18398499
12,1/21/2009,-0.168196162
13,1/22/2009,-0.18251291
14,1/23/2009,-0.189837717
15,1/26/2009,-0.175920755
16,1/27/2009,-0.181208459
17,1/28/2009,-0.173220088
18,1/29/2009,-0.1679284
19,1/30/2009,-0.18336455
20,2/2/2009,-0.170364624
21,2/3/2009,-0.179103229
22,2/4/2009,-0.169763579
23,2/5/2009,-0.168485748
24,2/6/2009,-0.179940468
25,2/9/2009,-0.163032747
26,2/10/2009,-0.180438921
27,2/11/2009,-0.179867118
28,2/12/2009,-0.167943565
29,2/13/2009,-0.172987561
30,2/17/2009,-0.192497035
31,2/18/2009,-0.180254575
32,2/19/2009,-0.189266304
33,2/20/2009,-0.173181463
34,2/23/2009,-0.186526348
35,2/24/2009,-0.17988281
36,2/25/2009,-0.167466751
37,2/26/2009,-0.184125009
38,2/27/2009,-0.168478291
39,3/2/2009,-0.161687839
40,3/3/2009,-0.169501478
41,3/4/2009,-0.178997212
42,3/5/2009,-0.181681313
43,3/6/2009,-0.20485448
44,3/9/2009,-0.194503415
45,3/10/2009,-0.177458253
46,3/11/2009,-0.151895836
47,3/12/2009,-0.184195351
48,3/13/2009,-0.186210356
49,3/16/2009,-0.179893803
50,3/17/2009,-0.167354667
51,3/18/2009,-0.191073717
52,3/19/2009,-0.163489416
53,3/20/2009,-0.170407327
54,3/23/2009,-0.184914617
55,3/24/2009,-0.180498738
56,3/25/2009,-0.198420934
57,3/26/2009,-0.181223224
58,3/27/2009,-0.194054557
59,3/30/2009,-0.177772046
60,3/31/2009,-0.190157443
61,4/1/2009,-0.178603475
62,4/2/2009,-0.172562774
63,4/3/2009,-0.182761247
64,4/6/2009,-0.165829994
65,4/7/2009,-0.192796166
66,4/8/2009,-0.186422694
67,4/9/2009,-0.191029971
68,4/13/2009,-0.195226485
69,4/14/2009,-0.19010335
70,4/15/2009,-0.198455071
71,4/16/2009,-0.178079344
72,4/17/2009,-0.175388556
73,4/20/2009,-0.175900361
74,4/21/2009,-0.190321348
75,4/22/2009,-0.19781859
76,4/23/2009,-0.202063875
77,4/24/2009,-0.198712118
78,4/27/2009,-0.177468874
79,4/28/2009,-0.19012189
80,4/29/2009,-0.194239838
81,4/30/2009,-0.180068892
82,5/1/2009,-0.182933958
83,5/4/2009,-0.185212503
84,5/5/2009,-0.182106997
85,5/6/2009,-0.197106814
86,5/7/2009,-0.189349539
87,5/8/2009,-0.19538514
88,5/11/2009,-0.169834283
89,5/12/2009,-0.214579626
90,5/13/2009,-0.203126403
91,5/14/2009,-0.173243884
92,5/15/2009,-0.18131389
93,5/18/2009,-0.18416642
94,5/19/2009,-0.18345255
95,5/20/2009,-0.186480664
96,5/21/2009,-0.192059275
97,5/22/2009,-0.194205806
98,5/26/2009,-0.176252049
99,5/27/2009,-0.164016125
100,5/28/2009,-0.182324683
101,5/29/2009,-0.195275562
102,6/1/2009,-0.180511247
103,6/2/2009,-0.188968909
104,6/3/2009,-0.179109434
105,6/4/2009,-0.171775217
106,6/5/2009,-0.183562885
107,6/8/2009,-0.190614117
108,6/9/2009,-0.193751807
109,6/10/2009,-0.190451206
110,6/11/2009,-0.187757175
111,6/12/2009,-0.204516984
112,6/15/2009,-0.178275423
113,6/16/2009,-0.175809521
114,6/17/2009,-0.19405951
115,6/18/2009,-0.19405449
116,6/19/2009,-0.179553719
117,6/22/2009,-0.19509905
118,6/23/2009,-0.205666741
119,6/24/2009,-0.187454073
120,6/25/2009,-0.189911228
121,6/26/2009,-0.177905053
122,6/29/2009,-0.206055897
123,6/30/2009,-0.186679721
124,7/1/2009,-0.196267231
125,7/2/2009,-0.187851227
126,7/6/2009,-0.200835802
127,7/7/2009,-0.195750218
128,7/8/2009,-0.179396884
129,7/9/2009,-0.196801663
130,7/10/2009,-0.182099025
131,7/13/2009,-0.192745586
132,7/14/2009,-0.193273081
133,7/15/2009,-0.19505421
134,7/16/2009,-0.183800218
135,7/17/2009,-0.178734938
136,7/20/2009,-0.198291076
137,7/21/2009,-0.199454955
138,7/22/2009,-0.20290985
139,7/23/2009,-0.203527295
140,7/24/2009,-0.184163624
141,7/27/2009,-0.196794226
142,7/28/2009,-0.18880326
143,7/29/2009,-0.188591621
144,7/30/2009,-0.185823713
145,7/31/2009,-0.191913592
146,8/3/2009,-0.191399864
147,8/4/2009,-0.195263181
148,8/5/2009,-0.192818815
149,8/6/2009,-0.19288636
150,8/7/2009,-0.194561196
151,8/10/2009,-0.199153109
152,8/11/2009,-0.190303213
153,8/12/2009,-0.188975852
154,8/13/2009,-0.186499177
155,8/14/2009,-0.192354095
156,8/17/2009,-0.20780686
157,8/18/2009,-0.185375209
158,8/19/2009,-0.196885559
159,8/20/2009,-0.193231704
160,8/21/2009,-0.194125457
161,8/24/2009,-0.194264462
162,8/25/2009,-0.191227267
163,8/26/2009,-0.202361332
164,8/27/2009,-0.191508981
165,8/28/2009,-0.196436134
166,8/31/2009,-0.193053871
167,9/1/2009,-0.191637514
168,9/2/2009,-0.190162176
169,9/3/2009,-0.194057891
170,9/4/2009,-0.187705359
171,9/8/2009,-0.192347338
172,9/9/2009,-0.20495156
173,9/10/2009,-0.19788785
174,9/11/2009,-0.194398619
175,9/14/2009,-0.189843492
176,9/15/2009,-0.189464072
177,9/16/2009,-0.184362317
178,9/17/2009,-0.181105047
179,9/18/2009,-0.196691128
180,9/21/2009,-0.201810572
181,9/22/2009,-0.199418338
182,9/23/2009,-0.18734622
183,9/24/2009,-0.200401324
184,9/25/2009,-0.192278675
185,9/28/2009,-0.197695763
186,9/29/2009,-0.198383294
187,9/30/2009,-0.193943951
188,10/1/2009,-0.215650117
189,10/2/2009,-0.184708715
190,10/5/2009,-0.205832623
191,10/6/2009,-0.192399789
192,10/7/2009,-0.198372902
193,10/8/2009,-0.20271942
194,10/9/2009,-0.194715382
195,10/12/2009,-0.196699216
196,10/13/2009,-0.19950516
197,10/14/2009,-0.204740376
198,10/15/2009,-0.199316401
199,10/16/2009,-0.202588779
200,10/19/2009,-0.193139817
201,10/20/2009,-0.198388022
202,10/21/2009,-0.168486199
203,10/22/2009,-0.202848555
204,10/23/2009,-0.19141962
205,10/26/2009,-0.191467652
206,10/27/2009,-0.208999095
207,10/28/2009,-0.204962242
208,10/29/2009,-0.201925553
209,10/30/2009,-0.206956356
210,11/2/2009,-0.199946545
211,11/3/2009,-0.199583035
212,11/4/2009,-0.191554466
213,11/5/2009,-0.198629582
214,11/6/2009,-0.195361053
215,11/9/2009,-0.190122707
216,11/10/2009,-0.190649993
217,11/11/2009,-0.200398214
218,11/12/2009,-0.19385237
219,11/13/2009,-0.192443759
220,11/16/2009,-0.197945645
221,11/17/2009,-0.195869241
222,11/18/2009,-0.198740774
223,11/19/2009,-0.207566802
224,11/20/2009,-0.194632277
225,11/23/2009,-0.185746798
226,11/24/2009,-0.199822962
227,11/25/2009,-0.202652067
228,11/27/2009,-0.199525815
229,11/30/2009,-0.204549731
230,12/1/2009,-0.220024129
231,12/2/2009,-0.207224737
232,12/3/2009,-0.191760941
233,12/4/2009,-0.216268642
234,12/7/2009,-0.214081109
235,12/8/2009,-0.191086889
236,12/9/2009,-0.172344163
237,12/10/2009,-0.208349019
238,12/11/2009,-0.209048392
239,12/14/2009,-0.189790086
240,12/15/2009,-0.202436541
241,12/16/2009,-0.194683378
242,12/17/2009,-0.202450298
243,12/18/2009,-0.191437315
244,12/21/2009,-0.195965239
245,12/22/2009,-0.198177954
246,12/23/2009,-0.196781139
247,12/24/2009,-0.181273739
248,12/28/2009,-0.19985442
249,12/29/2009,-0.210842096
250,12/30/2009,-0.192047888
251,12/31/2009,-0.200284019
252,1/4/2010,-0.205332071
253,1/5/2010,-0.204134432
254,1/6/2010,-0.214743191
255,1/7/2010,-0.209934623
256,1/8/2010,-0.199111803
257,1/11/2010,-0.208411449
258,1/12/2010,-0.204167103
259,1/13/2010,-0.194760581
260,1/14/2010,-0.206351913
261,1/15/2010,-0.212177087
262,1/19/2010,-0.185296833
263,1/20/2010,-0.209845411
264,1/21/2010,-0.20024285
265,1/22/2010,-0.22169134
266,1/25/2010,-0.195292011
267,1/26/2010,-0.200534606
268,1/27/2010,-0.201561805
269,1/28/2010,-0.211114593
270,1/29/2010,-0.22483947
271,2/1/2010,-0.197660417
272,2/2/2010,-0.209027031
273,2/3/2010,-0.18371638
274,2/4/2010,-0.201109483
275,2/5/2010,-0.189732992
276,2/8/2010,-0.200763061
277,2/9/2010,-0.202321614
278,2/10/2010,-0.203559544
279,2/11/2010,-0.194665685
280,2/12/2010,-0.199413861
281,2/16/2010,-0.201392413
282,2/17/2010,-0.207063023
283,2/18/2010,-0.201581944
284,2/19/2010,-0.205203632
285,2/22/2010,-0.205521805
286,2/23/2010,-0.20493413
287,2/24/2010,-0.195881705
288,2/25/2010,-0.192576334
289,2/26/2010,-0.191649552
290,3/1/2010,-0.193135264
291,3/2/2010,-0.203622211
292,3/3/2010,-0.197868344
293,3/4/2010,-0.196611053
294,3/5/2010,-0.192074427
295,3/8/2010,-0.204163555
296,3/9/2010,-0.187251671
297,3/10/2010,-0.200321187
298,3/11/2010,-0.200268874
299,3/12/2010,-0.200041455
300,3/15/2010,-0.207757614
301,3/16/2010,-0.203877257
302,3/17/2010,-0.205799888
303,3/18/2010,-0.198274313
304,3/19/2010,-0.212987592
305,3/22/2010,-0.197448937
306,3/23/2010,-0.19885767
307,3/24/2010,-0.197051481
308,3/25/2010,-0.212148722
309,3/26/2010,-0.195216398
310,3/29/2010,-0.20709215
311,3/30/2010,-0.206111046
312,3/31/2010,-0.205988949
313,4/1/2010,-0.208821474
314,4/5/2010,-0.195572115
315,4/6/2010,-0.20368414
316,4/7/2010,-0.197531807
317,4/8/2010,-0.211099827
318,4/9/2010,-0.206340657
319,4/12/2010,-0.203963262
320,4/13/2010,-0.203515406
321,4/14/2010,-0.208715487
322,4/15/2010,-0.195817297
323,4/16/2010,-0.19778346
324,4/19/2010,-0.209180422
325,4/20/2010,-0.218717618
326,4/21/2010,-0.200785031
327,4/22/2010,-0.186837229
328,4/23/2010,-0.201303147
329,4/26/2010,-0.207710055
330,4/27/2010,-0.205275813
331,4/28/2010,-0.211168868
332,4/29/2010,-0.192097195
333,4/30/2010,-0.214843818
334,5/3/2010,-0.202897312
335,5/4/2010,-0.206809991
336,5/5/2010,-0.196473434
337,5/6/2010,-0.205063329
338,5/7/2010,-0.220077695
339,5/10/2010,-0.194531224
340,5/11/2010,-0.194520684
341,5/12/2010,-0.203190248
342,5/13/2010,-0.211011404
343,5/14/2010,-0.199621669
344,5/17/2010,-0.203750198
345,5/18/2010,-0.201056531
346,5/19/2010,-0.207623016
347,5/20/2010,-0.20416409
348,5/21/2010,-0.195810655
349,5/24/2010,-0.199693711
350,5/25/2010,-0.204969339
351,5/26/2010,-0.213497938
352,5/27/2010,-0.206665465
353,5/28/2010,-0.202541749
354,6/1/2010,-0.194402206
355,6/2/2010,-0.221965478
356,6/3/2010,-0.210604914
357,6/4/2010,-0.197706968
358,6/7/2010,-0.214108151
359,6/8/2010,-0.224001718
360,6/9/2010,-0.221532882
361,6/10/2010,-0.195184708
362,6/11/2010,-0.198105252
363,6/14/2010,-0.201924672
364,6/15/2010,-0.20380027
365,6/16/2010,-0.189173625
366,6/17/2010,-0.199258976
367,6/18/2010,-0.201752455
368,6/21/2010,-0.217385763
369,6/22/2010,-0.189456195
370,6/23/2010,-0.215243653
371,6/24/2010,-0.204311768
372,6/25/2010,-0.218561877
373,6/28/2010,-0.199993525
374,6/29/2010,-0.218262876
375,6/30/2010,-0.218484153
376,7/1/2010,-0.222955968
377,7/2/2010,-0.212035886
378,7/6/2010,-0.209368885
379,7/7/2010,-0.204866621
380,7/8/2010,-0.222175866
381,7/9/2010,-0.20549863
382,7/12/2010,-0.214700492
383,7/13/2010,-0.225352669
384,7/14/2010,-0.199609375
385,7/15/2010,-0.197997674
386,7/16/2010,-0.200210652
387,7/19/2010,-0.223137294
388,7/20/2010,-0.198207311
389,7/21/2010,-0.226208306
390,7/22/2010,-0.211790952
391,7/23/2010,-0.207468485
392,7/26/2010,-0.216754625
393,7/27/2010,-0.19355654
394,7/28/2010,-0.212438265
395,7/29/2010,-0.206916177
396,7/30/2010,-0.211496932
397,8/2/2010,-0.208912614
398,8/3/2010,-0.203128062
399,8/4/2010,-0.210427662
400,8/5/2010,-0.212065135
401,8/6/2010,-0.211404333
402,8/9/2010,-0.207435871
403,8/10/2010,-0.21156699
404,8/11/2010,-0.214338046
405,8/12/2010,-0.198678457
406,8/13/2010,-0.215935143
407,8/16/2010,-0.21262118
408,8/17/2010,-0.204688286
409,8/18/2010,-0.207342261
410,8/19/2010,-0.207311631
411,8/20/2010,-0.206746846
412,8/23/2010,-0.219967343
413,8/24/2010,-0.213590194
414,8/25/2010,-0.199174926
415,8/26/2010,-0.215531532
416,8/27/2010,-0.215376153
417,8/30/2010,-0.192413546
418,8/31/2010,-0.206616635
419,9/1/2010,-0.21138904
420,9/2/2010,-0.210340574
421,9/3/2010,-0.198869858
422,9/7/2010,-0.19885162
423,9/8/2010,-0.20218076
424,9/9/2010,-0.208475836
425,9/10/2010,-0.209660568
426,9/13/2010,-0.205114598
427,9/14/2010,-0.203319311
428,9/15/2010,-0.207071337
429,9/16/2010,-0.191500305
430,9/17/2010,-0.214744129
431,9/20/2010,-0.200987166
432,9/21/2010,-0.210019277
433,9/22/2010,-0.195245659
434,9/23/2010,-0.204923584
435,9/24/2010,-0.21873662
436,9/27/2010,-0.215510614
437,9/28/2010,-0.22693111
438,9/29/2010,-0.212216965
439,9/30/2010,-0.220059424
440,10/1/2010,-0.219397959
441,10/4/2010,-0.216014488
442,10/5/2010,-0.201215954
443,10/6/2010,-0.213137546
444,10/7/2010,-0.210889062
445,10/8/2010,-0.208946021
446,10/11/2010,-0.209849814
447,10/12/2010,-0.2086681
448,10/13/2010,-0.213875784
449,10/14/2010,-0.208008908
450,10/15/2010,-0.189294899
451,10/18/2010,-0.216736521
452,10/19/2010,-0.192995972
453,10/20/2010,-0.21432765
454,10/21/2010,-0.217360996
455,10/22/2010,-0.216325691
456,10/25/2010,-0.209699786
457,10/26/2010,-0.213082082
458,10/27/2010,-0.214783584
459,10/28/2010,-0.214561699
460,10/29/2010,-0.221780772
461,11/1/2010,-0.203257263
462,11/2/2010,-0.206255628
463,11/3/2010,-0.210144025
464,11/4/2010,-0.21130937
465,11/5/2010,-0.216545834
466,11/8/2010,-0.209422735
467,11/9/2010,-0.216460747
468,11/10/2010,-0.211892671
469,11/11/2010,-0.211695517
470,11/12/2010,-0.227893862
471,11/15/2010,-0.212014632
472,11/16/2010,-0.215192392
473,11/17/2010,-0.213878805
474,11/18/2010,-0.207624419
475,11/19/2010,-0.217698738
476,11/22/2010,-0.198166339
477,11/23/2010,-0.214230122
478,11/24/2010,-0.211523991
479,11/26/2010,-0.206418852
480,11/29/2010,-0.212942816
481,11/30/2010,-0.22135376
482,12/1/2010,-0.214450433
483,12/2/2010,-0.219203809
484,12/3/2010,-0.215728195
485,12/6/2010,-0.209085281
486,12/7/2010,-0.218587186
487,12/8/2010,-0.210504836
488,12/9/2010,-0.21645123
489,12/10/2010,-0.211896311
490,12/13/2010,-0.215466169
491,12/14/2010,-0.215004671
492,12/15/2010,-0.208933455
493,12/16/2010,-0.2156309
494,12/17/2010,-0.219972821
495,12/20/2010,-0.214364689
496,12/21/2010,-0.215701548
497,12/22/2010,-0.216044886
498,12/23/2010,-0.219231647
499,12/27/2010,-0.214922824
500,12/28/2010,-0.216726419
501,12/29/2010,-0.217966109
502,12/30/2010,-0.219990747
503,12/31/2010,-0.218419708
504,1/3/2011,-0.208766272
505,1/4/2011,-0.216662205
506,1/5/2011,-0.212116498
507,1/6/2011,-0.216581671
508,1/7/2011,-0.20849847
509,1/10/2011,-0.210224395
510,1/11/2011,-0.223407028
511,1/12/2011,-0.215695196
512,1/13/2011,-0.213332505
513,1/14/2011,-0.217013802
514,1/18/2011,-0.191753724
515,1/19/2011,-0.230607381
516,1/20/2011,-0.225567628
517,1/21/2011,-0.229612894
518,1/24/2011,-0.195808142
519,1/25/2011,-0.206812432
520,1/26/2011,-0.215160413
521,1/27/2011,-0.219149051
522,1/28/2011,-0.219979289
523,1/31/2011,-0.211641365
524,2/1/2011,-0.215295232
525,2/2/2011,-0.216940175
526,2/3/2011,-0.220038015
527,2/4/2011,-0.211507943
528,2/7/2011,-0.210297398
529,2/8/2011,-0.215584968
530,2/9/2011,-0.209907466
531,2/10/2011,-0.226586314
532,2/11/2011,-0.219223686
533,2/14/2011,-0.213218362
534,2/15/2011,-0.214494655
535,2/16/2011,-0.213340139
536,2/17/2011,-0.218426094
537,2/18/2011,-0.234825193
538,2/22/2011,-0.216622798
539,2/23/2011,-0.202777778
540,2/24/2011,-0.21899972
541,2/25/2011,-0.214596641
542,2/28/2011,-0.21366064
543,3/1/2011,-0.214155653
544,3/2/2011,-0.214030759
545,3/3/2011,-0.217228386
546,3/4/2011,-0.210931575
547,3/7/2011,-0.220818309
548,3/8/2011,-0.219797547
549,3/9/2011,-0.221421919
550,3/10/2011,-0.215255212
551,3/11/2011,-0.209046498
552,3/14/2011,-0.215622536
553,3/15/2011,-0.22060235
554,3/16/2011,-0.231776541
555,3/17/2011,-0.220286519
556,3/18/2011,-0.227978901
557,3/21/2011,-0.214174557
558,3/22/2011,-0.220007629
559,3/23/2011,-0.224094759
560,3/24/2011,-0.215379105
561,3/25/2011,-0.212073518
562,3/28/2011,-0.221935822
563,3/29/2011,-0.21800152
564,3/30/2011,-0.22525428
565,3/31/2011,-0.214590135
566,4/1/2011,-0.232559152
567,4/4/2011,-0.225580458
568,4/5/2011,-0.216507769
569,4/6/2011,-0.225495608
570,4/7/2011,-0.218954794
571,4/8/2011,-0.22457331
572,4/11/2011,-0.223960331
573,4/12/2011,-0.213491128
574,4/13/2011,-0.213215093
575,4/14/2011,-0.23010853
576,4/15/2011,-0.234564132
577,4/18/2011,-0.205549296
578,4/19/2011,-0.211656738
579,4/20/2011,-0.223279721
580,4/21/2011,-0.228890729
581,4/25/2011,-0.213310649
582,4/26/2011,-0.230803341
583,4/27/2011,-0.227670984
584,4/28/2011,-0.222137457
585,4/29/2011,-0.213514212
586,5/2/2011,-0.222393598
587,5/3/2011,-0.217699994
588,5/4/2011,-0.211677203
589,5/5/2011,-0.220458242
590,5/6/2011,-0.221990869
591,5/9/2011,-0.223146157
592,5/10/2011,-0.222269159
593,5/11/2011,-0.216393122
594,5/12/2011,-0.22426543
595,5/13/2011,-0.224778525
596,5/16/2011,-0.230939645
597,5/17/2011,-0.212609903
598,5/18/2011,-0.218179435
599,5/19/2011,-0.222338886
600,5/20/2011,-0.225318027
601,5/23/2011,-0.209494585
602,5/24/2011,-0.224324748
603,5/25/2011,-0.217428934
604,5/26/2011,-0.227423847
605,5/27/2011,-0.21423462
606,5/31/2011,-0.204861896
607,6/1/2011,-0.211536617
608,6/2/2011,-0.219034144
609,6/3/2011,-0.220520141
610,6/6/2011,-0.230578621
611,6/7/2011,-0.229245219
612,6/8/2011,-0.216342774
613,6/9/2011,-0.227396212
614,6/10/2011,-0.222935603
615,6/13/2011,-0.219766382
616,6/14/2011,-0.216459509
617,6/15/2011,-0.219166782
618,6/16/2011,-0.225112699
619,6/17/2011,-0.238717495
620,6/20/2011,-0.234863121
621,6/21/2011,-0.208921839
622,6/22/2011,-0.227159738
623,6/23/2011,-0.20058416
624,6/24/2011,-0.226304155
625,6/27/2011,-0.219255411
626,6/28/2011,-0.226581538
627,6/29/2011,-0.231038352
628,6/30/2011,-0.225992905
629,7/1/2011,-0.217289254
630,7/5/2011,-0.208962606
631,7/6/2011,-0.219895862
632,7/7/2011,-0.218960182
633,7/8/2011,-0.212696248
634,7/11/2011,-0.223884886
635,7/12/2011,-0.221146312
636,7/13/2011,-0.222545198
637,7/14/2011,-0.223025472
638,7/15/2011,-0.215459707
639,7/18/2011,-0.202696982
640,7/19/2011,-0.233816294
641,7/20/2011,-0.239019974
642,7/21/2011,-0.228962183
643,7/22/2011,-0.213735129
644,7/25/2011,-0.210269393
645,7/26/2011,-0.214314933
646,7/27/2011,-0.227257153
647,7/28/2011,-0.220680424
648,7/29/2011,-0.220195307
649,8/1/2011,-0.212964515
650,8/2/2011,-0.226371965
651,8/3/2011,-0.223338479
652,8/4/2011,-0.221323
653,8/5/2011,-0.226596506
654,8/8/2011,-0.21013759
655,8/9/2011,-0.219359677
656,8/10/2011,-0.21882609
657,8/11/2011,-0.243851352
658,8/12/2011,-0.223727687
659,8/15/2011,-0.224910628
660,8/16/2011,-0.22623891
661,8/17/2011,-0.223398016
662,8/18/2011,-0.220053827
663,8/19/2011,-0.23434272
664,8/22/2011,-0.224101183
665,8/23/2011,-0.217429903
666,8/24/2011,-0.230230379
667,8/25/2011,-0.188213266
668,8/26/2011,-0.212889639
669,8/29/2011,-0.231335828
670,8/30/2011,-0.225314022
671,8/31/2011,-0.23325627
672,9/1/2011,-0.224425429
673,9/2/2011,-0.221025512
674,9/6/2011,-0.215035202
675,9/7/2011,-0.236464837
676,9/8/2011,-0.216337219
677,9/9/2011,-0.224798777
678,9/12/2011,-0.223812046
679,9/13/2011,-0.222885427
680,9/14/2011,-0.225510489
681,9/15/2011,-0.225317219
682,9/16/2011,-0.219133856
683,9/19/2011,-0.204062605
684,9/20/2011,-0.226530372
685,9/21/2011,-0.21772824
686,9/22/2011,-0.223144966
687,9/23/2011,-0.229411476
688,9/26/2011,-0.231870824
689,9/27/2011,-0.238887168
690,9/28/2011,-0.215906804
691,9/29/2011,-0.242691376
692,9/30/2011,-0.230174059
693,10/3/2011,-0.221342569
694,10/4/2011,-0.258902671
695,10/5/2011,-0.21801711
696,10/6/2011,-0.233261727
697,10/7/2011,-0.230043816
698,10/10/2011,-0.220122777
699,10/11/2011,-0.217610631
700,10/12/2011,-0.238058593
701,10/13/2011,-0.223799172
702,10/14/2011,-0.221970806
703,10/17/2011,-0.219284746
704,10/18/2011,-0.241860608
705,10/19/2011,-0.224678559
706,10/20/2011,-0.237845159
707,10/21/2011,-0.242905599
708,10/24/2011,-0.21696351
709,10/25/2011,-0.229845108
710,10/26/2011,-0.229263161
711,10/27/2011,-0.238747826
712,10/28/2011,-0.227225859
713,10/31/2011,-0.212530842
714,11/1/2011,-0.22890237
715,11/2/2011,-0.23350798
716,11/3/2011,-0.225655406
717,11/4/2011,-0.232315048
718,11/7/2011,-0.233011685
719,11/8/2011,-0.225477797
720,11/9/2011,-0.219824385
721,11/10/2011,-0.24749125
722,11/11/2011,-0.236356511
723,11/14/2011,-0.231478894
724,11/15/2011,-0.216743459
725,11/16/2011,-0.231741661
726,11/17/2011,-0.22974108
727,11/18/2011,-0.232198602
728,11/21/2011,-0.226768108
729,11/22/2011,-0.21452802
730,11/23/2011,-0.233048355
731,11/25/2011,-0.237251506
732,11/28/2011,-0.220627246
733,11/29/2011,-0.232769744
734,11/30/2011,-0.234792995
735,12/1/2011,-0.217207695
736,12/2/2011,-0.219805304
737,12/5/2011,-0.224494105
738,12/6/2011,-0.230717655
739,12/7/2011,-0.234421278
740,12/8/2011,-0.216770598
741,12/9/2011,-0.235285931
742,12/12/2011,-0.222421559
743,12/13/2011,-0.224335988
744,12/14/2011,-0.235232792
745,12/15/2011,-0.230877058
746,12/16/2011,-0.226830945
747,12/19/2011,-0.221443785
748,12/20/2011,-0.227065781
749,12/21/2011,-0.234159374
750,12/22/2011,-0.233152014
751,12/23/2011,-0.229633002
752,12/27/2011,-0.227637109
753,12/28/2011,-0.230006023
754,12/29/2011,-0.234318112
755,12/30/2011,-0.226183604
756,1/3/2012,-0.227206919
757,1/4/2012,-0.228801062
758,1/5/2012,-0.232735055
759,1/6/2012,-0.224436767
760,1/9/2012,-0.239133362
761,1/10/2012,-0.235488815
762,1/11/2012,-0.235240122
763,1/12/2012,-0.233474854
764,1/13/2012,-0.233202266
765,1/17/2012,-0.226908536
766,1/18/2012,-0.236960725
767,1/19/2012,-0.23788931
768,1/20/2012,-0.249186834
769,1/23/2012,-0.224191067
770,1/24/2012,-0.244494489
771,1/25/2012,-0.252756899
772,1/26/2012,-0.231266929
773,1/27/2012,-0.23053209
774,1/30/2012,-0.22474495
775,1/31/2012,-0.226611181
776,2/1/2012,-0.23696807
777,2/2/2012,-0.233236383
778,2/3/2012,-0.231313663
779,2/6/2012,-0.225565247
780,2/7/2012,-0.22986255
781,2/8/2012,-0.224025517
782,2/9/2012,-0.212101485
783,2/10/2012,-0.229513341
784,2/13/2012,-0.22772119
785,2/14/2012,-0.225998134
786,2/15/2012,-0.251072197
787,2/16/2012,-0.224015234
788,2/17/2012,-0.233104504
789,2/21/2012,-0.218653369
790,2/22/2012,-0.23097351
791,2/23/2012,-0.234033263
792,2/24/2012,-0.228163466
793,2/27/2012,-0.232093388
794,2/28/2012,-0.223415072
795,2/29/2012,-0.226810744
796,3/1/2012,-0.239719569
797,3/2/2012,-0.22903737
798,3/5/2012,-0.247549182
799,3/6/2012,-0.219073175
800,3/7/2012,-0.244475116
801,3/8/2012,-0.224682282
802,3/9/2012,-0.232367091
803,3/12/2012,-0.228156333
804,3/13/2012,-0.227388352
805,3/14/2012,-0.215833707
806,3/15/2012,-0.253399053
807,3/16/2012,-0.234123196
808,3/19/2012,-0.235563483
809,3/20/2012,-0.229483082
810,3/21/2012,-0.234176522
811,3/22/2012,-0.233676699
812,3/23/2012,-0.243006995
813,3/26/2012,-0.231642526
814,3/27/2012,-0.221966043
815,3/28/2012,-0.233077002
816,3/29/2012,-0.242405595
817,3/30/2012,-0.246551248
818,4/2/2012,-0.220870274
819,4/3/2012,-0.231036892
820,4/4/2012,-0.23364282
821,4/5/2012,-0.229658968
822,4/9/2012,-0.22429854
823,4/10/2012,-0.237962989
824,4/11/2012,-0.245984968
825,4/12/2012,-0.247399803
826,4/13/2012,-0.251497433
827,4/16/2012,-0.268875198
828,4/17/2012,-0.202123819
829,4/18/2012,-0.243082832
830,4/19/2012,-0.24689448
831,4/20/2012,-0.257305977
832,4/23/2012,-0.235501277
833,4/24/2012,-0.240945168
834,4/25/2012,-0.245503181
835,4/26/2012,-0.250590241
836,4/27/2012,-0.237145987
837,4/30/2012,-0.251952602
838,5/1/2012,-0.244317711
839,5/2/2012,-0.230200248
840,5/3/2012,-0.240902701
841,5/4/2012,-0.242925093
842,5/7/2012,-0.228033989
843,5/8/2012,-0.238948476
844,5/9/2012,-0.231769745
845,5/10/2012,-0.237280503
846,5/11/2012,-0.235735835
847,5/14/2012,-0.240341361
848,5/15/2012,-0.242994251
849,5/16/2012,-0.240262154
850,5/17/2012,-0.245497897
851,5/18/2012,-0.231147092
852,5/21/2012,-0.208270746
853,5/22/2012,-0.251823998
854,5/23/2012,-0.223686735
855,5/24/2012,-0.248999978
856,5/25/2012,-0.236485812
857,5/29/2012,-0.236821981
858,5/30/2012,-0.217449207
859,5/31/2012,-0.238135467
860,6/1/2012,-0.239186037
861,6/4/2012,-0.230024178
862,6/5/2012,-0.240682564
863,6/6/2012,-0.242253939
864,6/7/2012,-0.234796148
865,6/8/2012,-0.232005161
866,6/11/2012,-0.241484843
867,6/12/2012,-0.239817315
868,6/13/2012,-0.236050476
869,6/14/2012,-0.241648963
870,6/15/2012,-0.239665914
871,6/18/2012,-0.224522993
872,6/19/2012,-0.237773336
873,6/20/2012,-0.241409898
874,6/21/2012,-0.231464493
875,6/22/2012,-0.237373746
876,6/25/2012,-0.24392459
877,6/26/2012,-0.24018577
878,6/27/2012,-0.244442908
879,6/28/2012,-0.24583772
880,6/29/2012,-0.236689067
881,7/2/2012,-0.229539653
882,7/3/2012,-0.238897581
883,7/5/2012,-0.227003211
884,7/6/2012,-0.241130088
885,7/9/2012,-0.2283676
886,7/10/2012,-0.241078894
887,7/11/2012,-0.241339977
888,7/12/2012,-0.24193875
889,7/13/2012,-0.247577991
890,7/16/2012,-0.23719598
891,7/17/2012,-0.246456983
892,7/18/2012,-0.247275018
893,7/19/2012,-0.23616413
894,7/20/2012,-0.247695422
895,7/23/2012,-0.230982581
896,7/24/2012,-0.240512121
897,7/25/2012,-0.237406135
898,7/26/2012,-0.247454021
899,7/27/2012,-0.236067428
900,7/30/2012,-0.235096168
901,7/31/2012,-0.225647799
902,8/1/2012,-0.244693809
903,8/2/2012,-0.233762741
904,8/3/2012,-0.241262876
905,8/6/2012,-0.232472767
906,8/7/2012,-0.242529812
907,8/8/2012,-0.242392197
908,8/9/2012,-0.214179546
909,8/10/2012,-0.216727316
910,8/13/2012,-0.208685359
911,8/14/2012,-0.213481357
912,8/15/2012,-0.218348037
913,8/16/2012,-0.214345656
914,8/17/2012,-0.20582797
915,8/20/2012,-0.198966254
916,8/21/2012,-0.229072108
917,8/22/2012,-0.20110395
918,8/23/2012,-0.215646122
919,8/24/2012,-0.21831689
920,8/27/2012,-0.219084051
921,8/28/2012,-0.217469624
922,8/29/2012,-0.218052946
923,8/30/2012,-0.221690553
924,8/31/2012,-0.217683497
925,9/4/2012,-0.205139825
926,9/5/2012,-0.221244751
927,9/6/2012,-0.22344186
928,9/7/2012,-0.215022601
929,9/10/2012,-0.232827125
930,9/11/2012,-0.2230464
931,9/12/2012,-0.212584852
932,9/13/2012,-0.221519215
933,9/14/2012,-0.216461986
934,9/17/2012,-0.214490006
935,9/18/2012,-0.214464345
936,9/19/2012,-0.21349904
937,9/20/2012,-0.220188616
938,9/21/2012,-0.2186769
939,9/24/2012,-0.218434357
940,9/25/2012,-0.227031678
941,9/26/2012,-0.220132927
942,9/27/2012,-0.204360153
943,9/28/2012,-0.232949804
944,10/1/2012,-0.232976951
945,10/2/2012,-0.218528353
946,10/3/2012,-0.21356038
947,10/4/2012,-0.227971377
948,10/5/2012,-0.230955538
949,10/8/2012,-0.230914669
950,10/9/2012,-0.216462159
951,10/10/2012,-0.213870686
952,10/11/2012,-0.237535984
953,10/12/2012,-0.216906782
954,10/15/2012,-0.221849864
955,10/16/2012,-0.206780343
956,10/17/2012,-0.228291122
957,10/18/2012,-0.228677597
958,10/19/2012,-0.23506155
959,10/22/2012,-0.194151698
960,10/23/2012,-0.239645459
961,10/24/2012,-0.220994447
962,10/25/2012,-0.230161656
963,10/26/2012,-0.227425496
964,10/31/2012,-0.216866526
965,11/1/2012,-0.228818112
966,11/2/2012,-0.233881518
967,11/5/2012,-0.221488085
968,11/6/2012,-0.233616984
969,11/7/2012,-0.205928282
970,11/8/2012,-0.218150385
971,11/9/2012,-0.187860635
972,11/12/2012,-0.209197445
973,11/13/2012,-0.190078761
974,11/14/2012,-0.194001123
975,11/15/2012,-0.210790793
976,11/16/2012,-0.193556026
977,11/19/2012,-0.164750849
978,11/20/2012,-0.211650901
979,11/21/2012,-0.199015074
980,11/23/2012,-0.195425904
981,11/26/2012,-0.177846006
982,11/27/2012,-0.197784782
983,11/28/2012,-0.196433669
984,11/29/2012,-0.196479364
985,11/30/2012,-0.196699243
986,12/3/2012,-0.1971009
987,12/4/2012,-0.201735067
988,12/5/2012,-0.237913053
989,12/6/2012,-0.170284286
990,12/7/2012,-0.223243237
991,12/10/2012,-0.188658775
992,12/11/2012,-0.194292862
993,12/12/2012,-0.20475906
994,12/13/2012,-0.192335383
995,12/14/2012,-0.201095977
996,12/17/2012,-0.186326998
997,12/18/2012,-0.188635409
998,12/19/2012,-0.195535554
999,12/20/2012,-0.211180523
1000,12/21/2012,-0.193055677
1001,12/24/2012,-0.199789185
1002,12/26/2012,-0.204524734
1003,12/27/2012,-0.196571516
1004,12/28/2012,-0.197860097
1005,12/31/2012,-0.182441191
1006,1/2/2013,-0.212316055
1007,1/3/2013,-0.207267346
1008,1/4/2013,-0.217236452
1009,1/7/2013,-0.197991375
1010,1/8/2013,-0.205263237
1011,1/9/2013,-0.208778994
1012,1/10/2013,-0.209753058
1013,1/11/2013,-0.201479798
1014,1/14/2013,-0.202156731
1015,1/15/2013,-0.224248067
1016,1/16/2013,-0.183287713
1017,1/17/2013,-0.213796786
1018,1/18/2013,-0.199814842
1019,1/22/2013,-0.204201446
1020,1/23/2013,-0.193366738
1021,1/24/2013,-0.218122113
1022,1/25/2013,-0.223071002
1023,1/28/2013,-0.177117829
1024,1/29/2013,-0.205365493
1025,1/30/2013,-0.197503084
1026,1/31/2013,-0.201838038
1027,2/1/2013,-0.212888614
1028,2/4/2013,-0.216597717
1029,2/5/2013,-0.179227096
1030,2/6/2013,-0.202092992
1031,2/7/2013,-0.156094873
1032,2/8/2013,-0.16790094
1033,2/11/2013,-0.160598717
1034,2/12/2013,-0.18789957
1035,2/13/2013,-0.16580405
1036,2/14/2013,-0.166017266
1037,2/15/2013,-0.180161895
1038,2/19/2013,-0.173214577
1039,2/20/2013,-0.172810199
1040,2/21/2013,-0.163328161
1041,2/22/2013,-0.167613811
1042,2/25/2013,-0.166914776
1043,2/26/2013,-0.158446883
1044,2/27/2013,-0.184597128
1045,2/28/2013,-0.169822947
1046,3/1/2013,-0.186257003
1047,3/4/2013,-0.18774251
1048,3/5/2013,-0.150810028
1049,3/6/2013,-0.181613703
1050,3/7/2013,-0.154931184
1051,3/8/2013,-0.162601742
1052,3/11/2013,-0.154547935
1053,3/12/2013,-0.1788897
1054,3/13/2013,-0.167376191
1055,3/14/2013,-0.16930078
1056,3/15/2013,-0.159157674
1057,3/18/2013,-0.146781268
1058,3/19/2013,-0.175509132
1059,3/20/2013,-0.18070739
1060,3/21/2013,-0.163334956
1061,3/22/2013,-0.160807113
1062,3/25/2013,-0.166442906
1063,3/26/2013,-0.180949393
1064,3/27/2013,-0.182980979
1065,3/28/2013,-0.186357019
1066,4/1/2013,-0.191731482
1067,4/2/2013,-0.166990414
1068,4/3/2013,-0.159936797
1069,4/4/2013,-0.18393756
1070,4/5/2013,-0.179117364
1071,4/8/2013,-0.172477488
1072,4/9/2013,-0.170242707
1073,4/10/2013,-0.163395154
1074,4/11/2013,-0.171514697
1075,4/12/2013,-0.179059677
1076,4/15/2013,-0.168870144
1077,4/16/2013,-0.166901133
1078,4/17/2013,-0.198570215
1079,4/18/2013,-0.190229249
1080,4/19/2013,-0.16991342
1081,4/22/2013,-0.159483425
1082,4/23/2013,-0.170117083
1083,4/24/2013,-0.145258739
1084,4/25/2013,-0.176811168
1085,4/26/2013,-0.154678433
1086,4/29/2013,-0.154394921
1087,4/30/2013,-0.157644239
1088,5/1/2013,-0.174336083
1089,5/2/2013,-0.168704101
1090,5/3/2013,-0.17374905
1091,5/6/2013,-0.162522653
1092,5/7/2013,-0.183752333
1093,5/8/2013,-0.166169347
1094,5/9/2013,-0.133765145
1095,5/10/2013,-0.14179209
1096,5/13/2013,-0.125680892
1097,5/14/2013,-0.15726351
1098,5/15/2013,-0.156437372
1099,5/16/2013,-0.104397757
1100,5/17/2013,-0.146645646
1101,5/20/2013,-0.108689102
1102,5/21/2013,-0.127554758
1103,5/22/2013,-0.128024898
1104,5/23/2013,-0.124609872
1105,5/24/2013,-0.12606136
1106,5/28/2013,-0.142642864
1107,5/29/2013,-0.1192314
1108,5/30/2013,-0.12105887
1109,5/31/2013,-0.125251968
1110,6/3/2013,-0.132854651
1111,6/4/2013,-0.132947704
1112,6/5/2013,-0.121331411
1113,6/6/2013,-0.151822249
1114,6/7/2013,-0.124575765
1115,6/10/2013,-0.138849112
1116,6/11/2013,-0.125298203
1117,6/12/2013,-0.131488685
1118,6/13/2013,-0.136740519
1119,6/14/2013,-0.136296246
1120,6/17/2013,-0.129748161
1121,6/18/2013,-0.136013384
1122,6/19/2013,-0.135801395
1123,6/20/2013,-0.121839758
1124,6/21/2013,-0.141916164
1125,6/24/2013,-0.143078867
1126,6/25/2013,-0.141697495
1127,6/26/2013,-0.148590223
1128,6/27/2013,-0.146411453
1129,6/28/2013,-0.122082348
1130,7/1/2013,-0.121174495
1131,7/2/2013,-0.117149831
1132,7/3/2013,-0.139076706
1133,7/5/2013,-0.143673859
1134,7/8/2013,-0.145553198
1135,7/9/2013,-0.117157576
1136,7/10/2013,-0.133486752
1137,7/11/2013,-0.127505032
1138,7/12/2013,-0.137586567
1139,7/15/2013,-0.130645724
1140,7/16/2013,-0.123340111
1141,7/17/2013,-0.132349523
1142,7/18/2013,-0.140755264
1143,7/19/2013,-0.154207805
1144,7/22/2013,-0.141464691
1145,7/23/2013,-0.14558001
1146,7/24/2013,-0.125002126
1147,7/25/2013,-0.142600213
1148,7/26/2013,-0.127964129
1149,7/29/2013,-0.120470016
1150,7/30/2013,-0.125562582
1151,7/31/2013,-0.138166966
1152,8/1/2013,-0.136299991
1153,8/2/2013,-0.129528025
1154,8/5/2013,-0.126463398
1155,8/6/2013,-0.13653959
1156,8/7/2013,-0.132408901
1157,8/8/2013,-0.09763358
1158,8/9/2013,-0.099869182
1159,8/12/2013,-0.075737568
1160,8/13/2013,-0.058248786
1161,8/14/2013,-0.087635837
1162,8/15/2013,-0.084662782
1163,8/16/2013,-0.087799829
1164,8/19/2013,-0.082080873
1165,8/20/2013,-0.111298499
1166,8/21/2013,-0.092153109
1167,8/22/2013,-0.102955281
1168,8/23/2013,-0.097450614
1169,8/26/2013,-0.084659895
1170,8/27/2013,-0.104542939
1171,8/28/2013,-0.087505397
1172,8/29/2013,-0.096350056
1173,8/30/2013,-0.097108552
1174,9/3/2013,-0.096738654
1175,9/4/2013,-0.101806759
1176,9/5/2013,-0.102641281
1177,9/6/2013,-0.09085083
1178,9/9/2013,-0.097314445
1179,9/10/2013,-0.114936505
1180,9/11/2013,-0.095732614
1181,9/12/2013,-0.082792957
1182,9/13/2013,-0.10265771
1183,9/16/2013,-0.110002219
1184,9/17/2013,-0.081402201
1185,9/18/2013,-0.100805884
1186,9/19/2013,-0.085930185
1187,9/20/2013,-0.109088929
1188,9/23/2013,-0.104407689
1189,9/24/2013,-0.106010852
1190,9/25/2013,-0.108413842
1191,9/26/2013,-0.098976364
1192,9/27/2013,-0.099710826
1193,9/30/2013,-0.101205702
1194,10/1/2013,-0.085998649
1195,10/2/2013,-0.094575639
1196,10/3/2013,-0.104271654
1197,10/4/2013,-0.105046203
1198,10/7/2013,-0.095262508
1199,10/8/2013,-0.103716188
1200,10/9/2013,-0.092689534
1201,10/10/2013,-0.110498276
1202,10/11/2013,-0.093871135
1203,10/14/2013,-0.095223325
1204,10/15/2013,-0.090975047
1205,10/16/2013,-0.103924868
1206,10/17/2013,-0.098982906
1207,10/18/2013,-0.095001499
1208,10/21/2013,-0.080238412
1209,10/22/2013,-0.111170392
1210,10/23/2013,-0.085795759
1211,10/24/2013,-0.086737127
1212,10/25/2013,-0.108755373
1213,10/28/2013,-0.097726894
1214,10/29/2013,-0.133037852
1215,10/30/2013,-0.082589188
1216,10/31/2013,-0.099529925
1217,11/1/2013,-0.105254172
1218,11/4/2013,-0.088351935
1219,11/5/2013,-0.096585546
1220,11/6/2013,-0.065725378
1221,11/7/2013,-0.058393204
1222,11/8/2013,-0.061246935
1223,11/11/2013,-0.061948923
1224,11/12/2013,-0.05504309
1225,11/13/2013,-0.066551175
1226,11/14/2013,-0.05343158
1227,11/15/2013,-0.064582438
1228,11/18/2013,-0.065768844
1229,11/19/2013,-0.056668068
1230,11/20/2013,-0.062043006
1231,11/21/2013,-0.057703741
1232,11/22/2013,-0.063002934
1233,11/25/2013,-0.051659597
1234,11/26/2013,-0.042318815
1235,11/27/2013,-0.04358247
1236,11/29/2013,-0.046222643
1237,12/2/2013,-0.067720483
1238,12/3/2013,-0.044665525
1239,12/4/2013,-0.063315433
1240,12/5/2013,-0.064541973
1241,12/6/2013,-0.070172835
1242,12/9/2013,-0.049546647
1243,12/10/2013,-0.054698854
1244,12/11/2013,-0.057602663
1245,12/12/2013,-0.059180572
1246,12/13/2013,-0.071233825
1247,12/16/2013,-0.056408927
1248,12/17/2013,-0.056738273
1249,12/18/2013,-0.071780067
1250,12/19/2013,-0.069410551
1251,12/20/2013,-0.062624986
1252,12/23/2013,-0.061238823
1253,12/24/2013,-0.069902916
1254,12/26/2013,-0.073815106
1255,12/27/2013,-0.069196777
1256,12/30/2013,-0.068952529
1257,12/31/2013,-0.055884071
1258,1/2/2014,-0.063166993
1259,1/3/2014,-0.082675206
1260,1/6/2014,-0.04712023
1261,1/7/2014,-0.073601528
1262,1/8/2014,-0.056555007
1263,1/9/2014,-0.079512736
1264,1/10/2014,-0.07716664
1265,1/13/2014,-0.043683875
1266,1/14/2014,-0.057203615
1267,1/15/2014,-0.060636475
1268,1/16/2014,-0.066076172
1269,1/17/2014,-0.080314347
1270,1/21/2014,-0.047613227
1271,1/22/2014,-0.062285457
1272,1/23/2014,-0.050650057
1273,1/24/2014,-0.06369189
1274,1/27/2014,-0.058015031
1275,1/28/2014,-0.073265099
1276,1/29/2014,-0.069006308
1277,1/30/2014,-0.071486567
1278,1/31/2014,-0.060240094
1279,2/3/2014,-0.045909507
1280,2/4/2014,-0.061193005
1281,2/5/2014,-0.055239823
1282,2/6/2014,-0.029415171
1283,2/7/2014,-0.034206404
1284,2/10/2014,-0.005870673
1285,2/11/2014,-0.023621092
1286,2/12/2014,-0.024511881
1287,2/13/2014,-0.017549082
1288,2/14/2014,-0.027144746
1289,2/18/2014,-0.023938071
1290,2/19/2014,-0.03293551
1291,2/20/2014,-0.031359784
1292,2/21/2014,-0.034488823
1293,2/24/2014,-0.018744813
1294,2/25/2014,-0.035957297
1295,2/26/2014,-0.033918582
1296,2/27/2014,-0.010368985
1297,2/28/2014,-0.031449961
1298,3/3/2014,-0.017262454
1299,3/4/2014,-0.027274955
1300,3/5/2014,-0.021005974
1301,3/6/2014,-0.027185322
1302,3/7/2014,-0.021171391
1303,3/10/2014,-0.019862095
1304,3/11/2014,-0.016117602
1305,3/12/2014,-0.024791007
1306,3/13/2014,-0.022089885
1307,3/14/2014,-0.030176119
1308,3/17/2014,-0.02924914
1309,3/18/2014,-0.018385196
1310,3/19/2014,-0.020110727
1311,3/20/2014,-0.033578083
1312,3/21/2014,-0.018275888
1313,3/24/2014,-0.019097772
1314,3/25/2014,-0.021310323
1315,3/26/2014,-0.029134856
1316,3/27/2014,-0.031608226
1317,3/28/2014,-0.03251304
1318,3/31/2014,-0.034139107
1319,4/1/2014,-0.024135531
1320,4/2/2014,-0.029593757
1321,4/3/2014,-0.029789454
1322,4/4/2014,-0.025529266
1323,4/7/2014,-0.027850398
1324,4/8/2014,-0.035526589
1325,4/9/2014,-0.02146164
1326,4/10/2014,-0.020556723
1327,4/11/2014,-0.023370361
1328,4/14/2014,-0.02835336
1329,4/15/2014,-0.036830524
1330,4/16/2014,-0.029542737
1331,4/17/2014,-0.021340752
1332,4/21/2014,-0.020255554
1333,4/22/2014,-0.025089512
1334,4/23/2014,-0.033906611
1335,4/24/2014,-0.025850985
1336,4/25/2014,-0.010214122
1337,4/28/2014,0.009157961
1338,4/29/2014,-0.031593785
1339,4/30/2014,-0.036545202
1340,5/1/2014,-0.029311819
1341,5/2/2014,-0.026203898
1342,5/5/2014,-0.01679216
1343,5/6/2014,-0.033556441
1344,5/7/2014,-0.035079114
1345,5/8/2014,0.011148665
1346,5/9/2014,0.01181699
1347,5/12/2014,0.015303959
1348,5/13/2014,0.014868423
1349,5/14/2014,0.017807246
1350,5/15/2014,0.008273879
1351,5/16/2014,0.023744279
1352,5/19/2014,0.017146678
1353,5/20/2014,0.017702772
1354,5/21/2014,0.010003876
1355,5/22/2014,0.010361574
1356,5/23/2014,0.019722848
1357,5/27/2014,0.024978409
1358,5/28/2014,0.008924396
1359,5/29/2014,0.020638256
1360,5/30/2014,0.000987222
1361,6/2/2014,0.003222575
1362,6/3/2014,0.024078484
1363,6/4/2014,0.019330946
1364,6/5/2014,0.007814984
1365,6/6/2014,0.002073226
1366,6/9/2014,0.021142798
1367,6/10/2014,0.004971691
1368,6/11/2014,0.008429972
1369,6/12/2014,-0.001489789
1370,6/13/2014,0.000258591
1371,6/16/2014,0.016962629
1372,6/17/2014,0.004719658
1373,6/18/2014,0.003085723
1374,6/19/2014,0.006465713
1375,6/20/2014,-0.003231548
1376,6/23/2014,0.001773363
1377,6/24/2014,0.005668176
1378,6/25/2014,0.00163546
1379,6/26/2014,0.01339668
1380,6/27/2014,0.015096164
1381,6/30/2014,0.015579969
1382,7/1/2014,0.002372064
1383,7/2/2014,0.001515331
1384,7/3/2014,0.00839076
1385,7/7/2014,0.02779078
1386,7/8/2014,0.001616114
1387,7/9/2014,0.004094323
1388,7/10/2014,0.014534244
1389,7/11/2014,0.003140316
1390,7/14/2014,0.012858951
1391,7/15/2014,-0.006315048
1392,7/16/2014,-0.015375763
1393,7/17/2014,-0.005674107
1394,7/18/2014,0.008337638
1395,7/21/2014,-0.005775303
1396,7/22/2014,0.006072397
1397,7/23/2014,0.024562056
1398,7/24/2014,0.007421034
1399,7/25/2014,0.017034643
1400,7/28/2014,0.018754684
1401,7/29/2014,0.003160758
1402,7/30/2014,0.007060392
1403,7/31/2014,0.003376421
1404,8/1/2014,0.019976773
1405,8/4/2014,-0.006787644
1406,8/5/2014,0.00977917
1407,8/6/2014,0.003801076
1408,8/7/2014,0.016890687
1409,8/8/2014,0.007405007
1410,8/11/2014,0.020158574
1411,8/12/2014,0.011300022
1412,8/13/2014,0.020199554
1413,8/14/2014,0.010280392
1414,8/15/2014,0.016325649
1415,8/18/2014,0.015611244
1416,8/19/2014,0.020180501
1417,8/20/2014,0.008854779
1418,8/21/2014,0.009640742
1419,8/22/2014,0.022778774
1420,8/25/2014,0.00883237
1421,8/26/2014,0.006332548
1422,8/27/2014,0.023654122
1423,8/28/2014,0.015393679
1424,8/29/2014,0.006772835
1425,9/2/2014,0.015794927
1426,9/3/2014,-0.024937752
1427,9/4/2014,0.007308624
1428,9/5/2014,0.008623484
1429,9/8/2014,0.003691557
1430,9/9/2014,0.00596165
1431,9/10/2014,0.03914597
1432,9/11/2014,0.016640559
1433,9/12/2014,0.02106718
1434,9/15/2014,0.000913285
1435,9/16/2014,0.012827844
1436,9/17/2014,0.014817103
1437,9/18/2014,0.007927343
1438,9/19/2014,-0.002119714
1439,9/22/2014,0.005615343
1440,9/23/2014,0.029509379
1441,9/24/2014,-0.004767935
1442,9/25/2014,-0.00605258
1443,9/26/2014,0.023355376
1444,9/29/2014,0.014882461
1445,9/30/2014,0.009734294
1446,10/1/2014,0.004802105
1447,10/2/2014,0.012259122
1448,10/3/2014,0.004422893
1449,10/6/2014,0.008956011
1450,10/7/2014,0.010478112
1451,10/8/2014,0.010620497
1452,10/9/2014,0.020413948
1453,10/10/2014,0.018677839
1454,10/13/2014,0.007948737
1455,10/14/2014,-0.005737869
1456,10/15/2014,-0.004336735
1457,10/16/2014,-0.003087654
1458,10/17/2014,0.00839968
1459,10/20/2014,0.010009164
1460,10/21/2014,-0.010797901
1461,10/22/2014,0.017381724
1462,10/23/2014,0.012554702
1463,10/24/2014,0.001243637
1464,10/27/2014,0.007195959
1465,10/28/2014,0.011541358
1466,10/29/2014,0.015676885
1467,10/30/2014,-0.001991792
1468,10/31/2014,0.00741737
1469,11/3/2014,0.018647475
1470,11/4/2014,0.00070978
1471,11/5/2014,0.005689597
1472,11/6/2014,0.008422221
1473,11/7/2014,0.012847996
1474,11/10/2014,0.006546033
1475,11/11/2014,0.019981463
1476,11/12/2014,0.025491135
1477,11/13/2014,0.020354218
1478,11/14/2014,0.019784006
1479,11/17/2014,0.006233179
1480,11/18/2014,0.019323167
1481,11/19/2014,0.004972881
1482,11/20/2014,0.017026461
1483,11/21/2014,0.006983633
1484,11/24/2014,0.026237262
1485,11/25/2014,0.000866736
1486,11/26/2014,0.018647026
1487,11/28/2014,0.009806323
1488,12/1/2014,-0.017509412
1489,12/2/2014,0.015033311
1490,12/3/2014,0.009975962
1491,12/4/2014,0.008248913
1492,12/5/2014,0.002019733
1493,12/8/2014,0.000598365
1494,12/9/2014,0.036693594
1495,12/10/2014,0.002928171
1496,12/11/2014,0.003985966
1497,12/12/2014,0.013346057
1498,12/15/2014,0.00095444
1499,12/16/2014,0.018326169
1500,12/17/2014,0.015749352
1501,12/18/2014,0.008282623
1502,12/19/2014,0.000990659
1503,12/22/2014,0.009207056
1504,12/23/2014,0.001619631
1505,12/24/2014,0.001839489
1506,12/26/2014,0.022046193
1507,12/29/2014,0.004376449
1508,12/30/2014,-0.00125841
1509,12/31/2014,-0.004294952
1510,1/2/2015,-0.008306999
1511,1/5/2015,-0.001233654
1512,1/6/2015,0.014479258
1513,1/7/2015,0.006440367
1514,1/8/2015,0.02076267
1515,1/9/2015,0.010360596
1516,1/12/2015,-0.015719349
1517,1/13/2015,0.004848808
1518,1/14/2015,0.006636359
1519,1/15/2015,-0.010539312
1520,1/16/2015,-0.018172162
1521,1/20/2015,0.01564061
1522,1/21/2015,0.00339846
1523,1/22/2015,0.014751101
1524,1/23/2015,0.015865163
1525,1/26/2015,-0.003533455
1526,1/27/2015,-0.022508542
1527,1/28/2015,0.005743609
1528,1/29/2015,0.019840528
1529,1/30/2015,0.000783267
1530,2/2/2015,0.001308832
1531,2/3/2015,-0.002045019
1532,2/4/2015,0.014027553
1533,2/5/2015,0.00285555
1534,2/6/2015,0.005443204
1535,2/9/2015,0.020359424
1536,2/10/2015,0.020630558
1537,2/11/2015,0.025461683
1538,2/12/2015,0.007906795
1539,2/13/2015,0.004698258
1540,2/17/2015,0.008968636
1541,2/18/2015,0.016042281
1542,2/19/2015,0.006720718
1543,2/20/2015,0.008134738
1544,2/23/2015,0.031518003
1545,2/24/2015,0.000578458
1546,2/25/2015,-0.011422411
1547,2/26/2015,0.023152994
1548,2/27/2015,0.000577452
1549,3/2/2015,0.002690654
1550,3/3/2015,0.014507656
1551,3/4/2015,0.006129599
1552,3/5/2015,-0.012248871
1553,3/6/2015,0.009743545
1554,3/9/2015,0.000241183
1555,3/10/2015,0.002914177
1556,3/11/2015,-0.006796573
1557,3/12/2015,0.018235168
1558,3/13/2015,0.007703427
1559,3/16/2015,0.009287344
1560,3/17/2015,0.017516261
1561,3/18/2015,0.006484669
1562,3/19/2015,0.002089334
1563,3/20/2015,-0.016491286
1564,3/23/2015,0.007934219
1565,3/24/2015,0.005881524
1566,3/25/2015,-0.004125127
1567,3/26/2015,0.015793192
1568,3/27/2015,-0.00838973
1569,3/30/2015,0.01166806
1570,3/31/2015,-0.004034729
1571,4/1/2015,0.004171275
1572,4/2/2015,0.003540071
1573,4/6/2015,0.02159066
1574,4/7/2015,-0.004849294
1575,4/8/2015,0.001139657
1576,4/9/2015,0.00546169
1577,4/10/2015,0.010331952
1578,4/13/2015,-0.002986353
1579,4/14/2015,-0.003383892
1580,4/15/2015,0.006332193
1581,4/16/2015,0.002711831
1582,4/17/2015,0.003560425
1583,4/20/2015,0.017615727
1584,4/21/2015,0.000956657
1585,4/22/2015,0.015116078
1586,4/23/2015,0.01108491
1587,4/24/2015,0.003640185
1588,4/27/2015,0.015252766
1589,4/28/2015,-0.027176811
1590,4/29/2015,-0.002423579
1591,4/30/2015,-0.015399033
1592,5/1/2015,0.021490153
1593,5/4/2015,-0.00142472
1594,5/5/2015,-0.003161329
1595,5/6/2015,0.000154077
1596,5/7/2015,0.008764789
1597,5/8/2015,0.013343824
1598,5/11/2015,0.005493509
1599,5/12/2015,0.009796928
1600,5/13/2015,0.010449517
1601,5/14/2015,0.016940494
1602,5/15/2015,0.007063196
1603,5/18/2015,0.019509915
1604,5/19/2015,0.005611165
1605,5/20/2015,0.011156073
1606,5/21/2015,0.015880243
1607,5/22/2015,0.016858119
1608,5/26/2015,-0.005314583
1609,5/27/2015,0.015604082
1610,5/28/2015,0.008179655
1611,5/29/2015,0.007987326
1612,6/1/2015,0.013192593
1613,6/2/2015,0.008561869
1614,6/3/2015,0.005616966
1615,6/4/2015,0.012203583
1616,6/5/2015,0.003644344
1617,6/8/2015,0.006653593
1618,6/9/2015,0.015145636
1619,6/10/2015,0.009319828
1620,6/11/2015,0.003992029
1621,6/12/2015,0.004764346
1622,6/15/2015,0.013738352
1623,6/16/2015,0.007572969
1624,6/17/2015,0.006090367
1625,6/18/2015,0.007888794
1626,6/19/2015,-0.001139147
1627,6/22/2015,0.005561712
1628,6/23/2015,0.00140038
1629,6/24/2015,0.017443031
1630,6/25/2015,-6.47E-05
1631,6/26/2015,-0.000864315
1632,6/29/2015,0.009594946
1633,6/30/2015,0.010077898
1634,7/1/2015,0.002919106
1635,7/2/2015,0.008234888
1636,7/6/2015,0.00863212
1637,7/7/2015,-0.002137217
1638,7/8/2015,-0.001751833
1639,7/9/2015,-0.015485963
1640,7/10/2015,0.014629933
1641,7/13/2015,0.00587713
1642,7/14/2015,-0.003656528
1643,7/15/2015,0.013791434
1644,7/16/2015,0.00867201
1645,7/17/2015,0.007868972
1646,7/20/2015,0.013577447
1647,7/21/2015,-0.008229361
1648,7/22/2015,0.029361758
1649,7/23/2015,0.002833135
1650,7/24/2015,0.009274544
1651,7/27/2015,0.008016
1652,7/28/2015,-0.002773494
1653,7/29/2015,-0.002924259
1654,7/30/2015,0.001785643
1655,7/31/2015,-0.001549294
1656,8/3/2015,-0.017369393
1657,8/4/2015,-0.017480875
1658,8/5/2015,0.028020308
1659,8/6/2015,0.011086811
1660,8/7/2015,0.018520808
1661,8/10/2015,0.03004681
1662,8/11/2015,-0.026489396
1663,8/12/2015,0.024416454
1664,8/13/2015,0.001472768
1665,8/14/2015,0.018997239
1666,8/17/2015,0.009856267
1667,8/18/2015,0.011261974
1668,8/19/2015,0.003482059
1669,8/20/2015,0.008630018
1670,8/21/2015,-0.013555844
1671,8/24/2015,0.143572102
1672,8/25/2015,-0.016601767
1673,8/26/2015,0.019763694
1674,8/27/2015,0.004362775
1675,8/28/2015,0.015358471
1676,8/31/2015,0.018574253
1677,9/1/2015,-0.006245809
1678,9/2/2015,0.024225874
1679,9/3/2015,-0.006862
1680,9/4/2015,0.013212116
1681,9/8/2015,0.006318371
1682,9/9/2015,-7.70E-05
1683,9/10/2015,0.023330231
1684,9/11/2015,0.023785857
1685,9/14/2015,0.003015579
1686,9/15/2015,0.002730595
1687,9/16/2015,0.003792636
1688,9/17/2015,-0.004519718
1689,9/18/2015,0.016758044
1690,9/21/2015,0.017446499
1691,9/22/2015,0.003919935
1692,9/23/2015,0.012602691
1693,9/24/2015,0.01523703
1694,9/25/2015,-0.00199268
1695,9/28/2015,0.011832099
1696,9/29/2015,-0.028715084
1697,9/30/2015,-0.001368768
1698,10/1/2015,0.008277591
1699,10/2/2015,-0.001641282
1700,10/5/2015,0.001818931
1701,10/6/2015,0.012672067
1702,10/7/2015,-0.007323486
1703,10/8/2015,-0.013644457
1704,10/9/2015,0.023447251
1705,10/12/2015,-0.006709422
1706,10/13/2015,0.014655601
1707,10/14/2015,-0.001455749
1708,10/15/2015,0.000906604
1709,10/16/2015,-0.004957805
1710,10/19/2015,0.007941826
1711,10/20/2015,0.024442356
1712,10/21/2015,0.010467485
1713,10/22/2015,0.003098937
1714,10/23/2015,0.022986289
1715,10/26/2015,-0.018489851
1716,10/27/2015,-0.005332443
1717,10/28/2015,0.014427853
1718,10/29/2015,0.016687967
1719,10/30/2015,-0.003127809
1720,11/2/2015,-0.002903607
1721,11/3/2015,0.013666822
1722,11/4/2015,-0.000780155
1723,11/5/2015,0.001781885
1724,11/6/2015,0.006287844
1725,11/9/2015,0.010832903
1726,11/10/2015,0.001952307
1727,11/11/2015,0.011410692
1728,11/12/2015,0.011592722
1729,11/13/2015,-0.008099775
1730,11/16/2015,0.016900709
1731,11/17/2015,-0.000122689
1732,11/18/2015,0.008303726
1733,11/19/2015,0.018108122
1734,11/20/2015,0.009663906
1735,11/23/2015,-0.003228779
1736,11/24/2015,0.014240301
1737,11/25/2015,-0.000977295
1738,11/27/2015,0.003429644
1739,11/30/2015,0.015926123
1740,12/1/2015,-0.009690177
1741,12/2/2015,0.009049201
1742,12/3/2015,0.012071366
1743,12/4/2015,0.020935944
1744,12/7/2015,0.006445053
1745,12/8/2015,0.011979627
1746,12/9/2015,-0.00506602
1747,12/10/2015,0.007066741
1748,12/11/2015,-0.002235428
1749,12/14/2015,0.006704474
1750,12/15/2015,-0.00651713
1751,12/16/2015,0.002529816
1752,12/17/2015,-0.002267496
1753,12/18/2015,-0.010906391
1754,12/21/2015,0.001355704
1755,12/22/2015,-0.003240235
1756,12/23/2015,0.008149721
1757,12/24/2015,-0.006544155
1758,12/28/2015,-0.006688181
1759,12/29/2015,0.014486961
1760,12/30/2015,-0.003772391
1761,12/31/2015,-0.008115515
1762,1/4/2016,0.026229537
1763,1/5/2016,-0.026435214
1764,1/6/2016,0.001153455
1765,1/7/2016,-0.01400511
1766,1/8/2016,0.002812152
1767,1/11/2016,0.002399707
1768,1/12/2016,-0.002876311
1769,1/13/2016,0.001866845
1770,1/14/2016,0.005515411
1771,1/15/2016,0.00626657
1772,1/19/2016,-0.005695258
1773,1/20/2016,0.016584423
1774,1/21/2016,-0.008222394
1775,1/22/2016,0.026527693
1776,1/25/2016,-0.006424108
1777,1/26/2016,-0.006601643
1778,1/27/2016,-0.017645295
1779,1/28/2016,0.009905425
1780,1/29/2016,0.00948494
1781,2/1/2016,-0.004028146
1782,2/2/2016,0.001701265
1783,2/3/2016,0.01700689
1784,2/4/2016,0.010680732
1785,2/5/2016,-0.00260377
1786,2/8/2016,0.029900317
1787,2/9/2016,0.003768055
1788,2/10/2016,-0.003620099
1789,2/11/2016,0.003789456
1790,2/12/2016,-0.003517683
1791,2/16/2016,0.019344099
1792,2/17/2016,0.013612886
1793,2/18/2016,-0.013011648
1794,2/19/2016,0.003681296
1795,2/22/2016,0.00884724
1796,2/23/2016,-0.001608554
1797,2/24/2016,0.016643096
1798,2/25/2016,0.005671636
1799,2/26/2016,0.012234361
1800,2/29/2016,0.01390555
1801,3/1/2016,0.021104906
1802,3/2/2016,0.003630044
1803,3/3/2016,0.011796931
1804,3/4/2016,0.011794042
1805,3/7/2016,-0.003745139
1806,3/8/2016,0.014802941
1807,3/9/2016,0.005628709
1808,3/10/2016,0.007350536
1809,3/11/2016,0.000360796
1810,3/14/2016,0.011948462
1811,3/15/2016,0.00956747
1812,3/16/2016,0.011984801
1813,3/17/2016,0.003430206
1814,3/18/2016,-0.00253443
1815,3/21/2016,-0.00067649
1816,3/22/2016,0.012476708
1817,3/23/2016,0.00358094
1818,3/24/2016,-0.001186345
1819,3/28/2016,-0.003398301
1820,3/29/2016,0.017274951
1821,3/30/2016,0.012220586
1822,3/31/2016,-0.002329062
1823,4/1/2016,0.001012214
1824,4/4/2016,0.011642595
1825,4/5/2016,0.007559881
1826,4/6/2016,-0.00181175
1827,4/7/2016,-0.004630416
1828,4/8/2016,0.004257764
1829,4/11/2016,0.008957097
1830,4/12/2016,0.004176677
1831,4/13/2016,0.008796181
1832,4/14/2016,0.007052035
1833,4/15/2016,-0.016669973
1834,4/18/2016,-0.017433775
1835,4/19/2016,-0.007319883
1836,4/20/2016,0.00633801
1837,4/21/2016,-0.001081796
1838,4/22/2016,0.006819157
1839,4/25/2016,0.001531466
1840,4/26/2016,0.0072736
1841,4/27/2016,0.017162096
1842,4/28/2016,-0.021357917
1843,4/29/2016,0.001674188
1844,5/2/2016,-0.006113056
1845,5/3/2016,0.014648582
1846,5/4/2016,-0.008281059
1847,5/5/2016,0.003279548
1848,5/6/2016,-0.006548486
1849,5/9/2016,0.004712819
1850,5/10/2016,0.001148284
1851,5/11/2016,0.004903866
1852,5/12/2016,-0.013861175
1853,5/13/2016,0.021564663
1854,5/16/2016,0.015799628
1855,5/17/2016,0.005084893
1856,5/18/2016,0.010515637
1857,5/19/2016,0.003176997
1858,5/20/2016,0.011920443
1859,5/23/2016,0.015928523
1860,5/24/2016,0.007302785
1861,5/25/2016,0.015296693
1862,5/26/2016,0.016425531
1863,5/27/2016,0.014346436
1864,5/31/2016,0.014656579
1865,6/1/2016,-0.002634443
1866,6/2/2016,0.004479987
1867,6/3/2016,0.009750896
1868,6/6/2016,0.012019177
1869,6/7/2016,0.005605507
1870,6/8/2016,0.005224504
1871,6/9/2016,0.017586885
1872,6/10/2016,0.01350312
1873,6/13/2016,-0.000899452
1874,6/14/2016,0.009810803
1875,6/15/2016,0.002941322
1876,6/16/2016,0.017021732
1877,6/17/2016,-0.006945763
1878,6/20/2016,-0.0014334
1879,6/21/2016,0.012904675
1880,6/22/2016,-0.001330194
1881,6/23/2016,0.000240438
1882,6/24/2016,0.010561526
1883,6/27/2016,0.002877085
1884,6/28/2016,0.002230416
1885,6/29/2016,-0.00095104
1886,6/30/2016,0.004652349
1887,7/1/2016,0.005425377
1888,7/5/2016,0.001715746
1889,7/6/2016,0.004354472
1890,7/7/2016,0.007482749
1891,7/8/2016,-0.002254144
1892,7/11/2016,0.004729922
1893,7/12/2016,0.003950554
1894,7/13/2016,0.00018627
1895,7/14/2016,0.019076041
1896,7/15/2016,0.00632427
1897,7/18/2016,0.012758065
1898,7/19/2016,0.005201487
1899,7/20/2016,-0.00122481
1900,7/21/2016,0.002502557
1901,7/22/2016,-0.006540825
1902,7/25/2016,-0.004352772
1903,7/26/2016,0.000763162
1904,7/27/2016,-0.006301825
1905,7/28/2016,0.015813225
1906,7/29/2016,0.000476534
1907,8/1/2016,0.020268252
1908,8/2/2016,-0.006474924
1909,8/3/2016,0.009436602
1910,8/4/2016,0.011073151
1911,8/5/2016,0.011978835
1912,8/8/2016,0.018376605
1913,8/9/2016,0.0139433
1914,8/10/2016,0.005266459
1915,8/11/2016,0.001495691
1916,8/12/2016,0.011725355
1917,8/15/2016,0.02033739
1918,8/16/2016,0.009424606
1919,8/17/2016,0.008168044
1920,8/18/2016,0.004990858
1921,8/19/2016,0.013174214
1922,8/22/2016,0.004284064
1923,8/23/2016,0.0124781
1924,8/24/2016,0.008129604
1925,8/25/2016,0.009068063
1926,8/26/2016,0.007267436
1927,8/29/2016,0.006403827
1928,8/30/2016,0.011881881
1929,8/31/2016,0.014042246
1930,9/1/2016,0.014283697
1931,9/2/2016,0.00914314
1932,9/6/2016,0.005382581
1933,9/7/2016,0.012941085
1934,9/8/2016,-0.007002802
1935,9/9/2016,0.011413806
1936,9/12/2016,0.017268671
1937,9/13/2016,0.020545939
1938,9/14/2016,0.037655222
1939,9/15/2016,0.012885463
1940,9/16/2016,0.002472068
1941,9/19/2016,-0.006990559
1942,9/20/2016,0.012993198
1943,9/21/2016,-0.006274284
1944,9/22/2016,0.005235441
1945,9/23/2016,-0.007959471
1946,9/26/2016,0.018542148
1947,9/27/2016,-0.002584223
1948,9/28/2016,0.002233268
1949,9/29/2016,0.002978757
1950,9/30/2016,0.005933064
1951,10/3/2016,0.002192903
1952,10/4/2016,0.008914127
1953,10/5/2016,-0.000419416
1954,10/6/2016,0.003466141
1955,10/7/2016,0.006441013
1956,10/10/2016,0.012687326
1957,10/11/2016,0.002123035
1958,10/12/2016,0.003049966
1959,10/13/2016,0.001320523
1960,10/14/2016,0.006411088
1961,10/17/2016,0.008942892
1962,10/18/2016,0.000143332
1963,10/19/2016,0.001369951
1964,10/20/2016,0.005369939
1965,10/21/2016,0.001426716
1966,10/24/2016,0.008929621
1967,10/25/2016,0.00864827
1968,10/26/2016,0.012421525
1969,10/27/2016,0.002370302
1970,10/28/2016,0.005206783
1971,10/31/2016,0.004520382
1972,11/1/2016,-0.004753817
1973,11/2/2016,0.009773049
1974,11/3/2016,0.004184894
1975,11/4/2016,0.013480253
1976,11/7/2016,-0.009960562
1977,11/8/2016,0.008975377
1978,11/9/2016,-0.000832589
1979,11/10/2016,-0.019401362
1980,11/11/2016,0.019585521
1981,11/14/2016,-0.007868689
1982,11/15/2016,0.008204254
1983,11/16/2016,0.038479776
1984,11/17/2016,0.005802726
1985,11/18/2016,0.014618769
1986,11/21/2016,0.019045868
1987,11/22/2016,0.007180916
1988,11/23/2016,0.004387247
1989,11/25/2016,0.012919836
1990,11/28/2016,0.013235454
1991,11/29/2016,0.013253268
1992,11/30/2016,0.004756216
1993,12/1/2016,0.006096034
1994,12/2/2016,0.015552292
1995,12/5/2016,-0.000894865
1996,12/6/2016,0.010805201
1997,12/7/2016,0.011136849
1998,12/8/2016,0.017690472
1999,12/9/2016,0.01861332
2000,12/12/2016,0.009610237
2001,12/13/2016,0.017499569
2002,12/14/2016,0.017010118
2003,12/15/2016,0.009797529
2004,12/16/2016,0.002940358
2005,12/19/2016,0.008962473
2006,12/20/2016,0.00363608
2007,12/21/2016,0.007310767
2008,12/22/2016,0.003402763
2009,12/23/2016,0.009756527
2010,12/27/2016,0.008195672
2011,12/28/2016,0.0060915
2012,12/29/2016,0.005935516
2013,12/30/2016,0.001151014
2014,1/3/2017,0.005079275
2015,1/4/2017,0.00015761
2016,1/5/2017,0.008332001
2017,1/6/2017,0.009615458
2018,1/9/2017,0.013794969
2019,1/10/2017,0.005901202
2020,1/11/2017,0.008176524
2021,1/12/2017,0.005760391
2022,1/13/2017,0.000939276
2023,1/17/2017,0.017279629
2024,1/18/2017,0.001928905
2025,1/19/2017,0.010275193
2026,1/20/2017,-0.000982041
2027,1/23/2017,0.00622839
2028,1/24/2017,0.001158226
2029,1/25/2017,0.011254353
2030,1/26/2017,0.005473691
2031,1/27/2017,0.003349248
2032,1/30/2017,0.011495324
2033,1/31/2017,0.002168776
2034,2/1/2017,0.01611924
2035,2/2/2017,0.006588206
2036,2/3/2017,0.006672504
2037,2/6/2017,0.011685631
2038,2/7/2017,0.012489787
2039,2/8/2017,0.006890322
2040,2/9/2017,0.007205992
2041,2/10/2017,0.002490874
2042,2/13/2017,0.005888563
2043,2/14/2017,0.014016845
2044,2/15/2017,0.00091259
2045,2/16/2017,0.005898615
2046,2/17/2017,0.007005404
2047,2/21/2017,0.006619136
2048,2/22/2017,0.011196418
2049,2/23/2017,0.002920251
2050,2/24/2017,0.007371959
2051,2/27/2017,0.003753624
2052,2/28/2017,0.007479862
2053,3/1/2017,0.015249553
2054,3/2/2017,0.005219908
2055,3/3/2017,0.01348408
2056,3/6/2017,0.006183171
2057,3/7/2017,0.012157038
2058,3/8/2017,0.010974753
2059,3/9/2017,0.006173871
2060,3/10/2017,0.007679671
2061,3/13/2017,0.009021786
2062,3/14/2017,0.006236052
2063,3/15/2017,0.008972644
2064,3/16/2017,0.009735367
2065,3/17/2017,-0.001232824
2066,3/20/2017,0.01160831
2067,3/21/2017,0.002698207
2068,3/22/2017,0.011977992
2069,3/23/2017,0.001581311
2070,3/24/2017,-0.000952366
2071,3/27/2017,0.006314692
2072,3/28/2017,0.014579852
2073,3/29/2017,0.003648851
2074,3/30/2017,-0.002356005
2075,3/31/2017,0.003188296
2076,4/3/2017,0.004859598
2077,4/4/2017,0.011502432
2078,4/5/2017,0.007849142
2079,4/6/2017,-0.003573026
2080,4/7/2017,-7.32E-06
2081,4/10/2017,8.24E-06
2082,4/11/2017,-0.006941197
2083,4/12/2017,0.007390079
2084,4/13/2017,0.001693296
2085,4/17/2017,-0.000850163
2086,4/18/2017,0.000794871
2087,4/19/2017,-0.00095542
2088,4/20/2017,0.006475713
2089,4/21/2017,0.004547975
2090,4/24/2017,0.003947272
2091,4/25/2017,0.00454491
2092,4/26/2017,-0.002097569
2093,4/27/2017,0.002734538
2094,4/28/2017,0.003307604
2095,5/1/2017,0.013156185
2096,5/2/2017,0.003016687
2097,5/3/2017,0.014284911
2098,5/4/2017,0.003288938
2099,5/5/2017,0.01579509
2100,5/8/2017,0.030097364
2101,5/9/2017,0.005888404
2102,5/10/2017,-0.001490975
2103,5/11/2017,0.016847485
2104,5/12/2017,0.016647682
2105,5/15/2017,0.001593841
2106,5/16/2017,0.006372851
2107,5/17/2017,0.002897668
2108,5/18/2017,0.011060355
2109,5/19/2017,0.000832295
2110,5/22/2017,0.004394237
2111,5/23/2017,-0.000501777
2112,5/24/2017,0.002583183
2113,5/25/2017,0.005648442
2114,5/26/2017,0.003809237
2115,5/30/2017,0.008038895
2116,5/31/2017,0.000807255
2117,6/1/2017,0.001379447
2118,6/2/2017,0.01619735
2119,6/5/2017,0.004308573
2120,6/6/2017,0.011205399
2121,6/7/2017,0.009091413
2122,6/8/2017,0.005338535
2123,6/9/2017,-0.03053124
2124,6/12/2017,0.00390541
2125,6/13/2017,0.000827246
2126,6/14/2017,-0.006394471
2127,6/15/2017,0.009348256
2128,6/16/2017,-0.007814539
2129,6/19/2017,0.016410006
2130,6/20/2017,-0.00546393
2131,6/21/2017,0.006698252
2132,6/22/2017,0.001711351
2133,6/23/2017,0.009206227
2134,6/26/2017,-0.004524274
2135,6/27/2017,0.000371319
2136,6/28/2017,0.007360715
2137,6/29/2017,0.004569394
2138,6/30/2017,0.001179183
2139,7/3/2017,-0.004621089
2140,7/5/2017,0.004389111
2141,7/6/2017,0.005718308
2142,7/7/2017,0.007397069
2143,7/10/2017,0.007703317
2144,7/11/2017,0.00846752
2145,7/12/2017,-0.001627498
2146,7/13/2017,0.016148742
2147,7/14/2017,0.004739693
2148,7/17/2017,0.006915888
2149,7/18/2017,0.005627973
2150,7/19/2017,0.001825329
2151,7/20/2017,-0.00476995
2152,7/21/2017,0.002260568
2153,7/24/2017,0.012105535
2154,7/25/2017,0.009444491
2155,7/26/2017,0.004195073
2156,7/27/2017,-0.015596964
2157,7/28/2017,-0.001481192
2158,7/31/2017,-0.003225732
2159,8/1/2017,0.009135248
2160,8/2/2017,-0.011165873
2161,8/3/2017,-0.005858335
2162,8/4/2017,0.004680212
2163,8/7/2017,0.011792232
2164,8/8/2017,0.012553762
2165,8/9/2017,0.010308529
2166,8/10/2017,-0.012559987
2167,8/11/2017,0.011353833
2168,8/14/2017,0.005571832
2169,8/15/2017,0.013930521
2170,8/16/2017,0.000652241
2171,8/17/2017,0.00226348
2172,8/18/2017,0.004605825
2173,8/21/2017,0.003187143
2174,8/22/2017,0.008229608
2175,8/23/2017,0.010918577
2176,8/24/2017,0.002974377
2177,8/25/2017,0.008838462
2178,8/28/2017,0.01695919
2179,8/29/2017,0.016288864
2180,8/30/2017,-0.001461987
2181,8/31/2017,0.005190733
2182,9/1/2017,0.001858919
2183,9/5/2017,0.000710196
2184,9/6/2017,0.000924454
2185,9/7/2017,0.002503385
2186,9/8/2017,-0.007994208
2187,9/11/2017,0.007630254
2188,9/12/2017,-0.006384982
2189,9/13/2017,0.002922697
2190,9/14/2017,0.00046006
2191,9/15/2017,0.008027084
2192,9/18/2017,-0.008295166
2193,9/19/2017,-0.003630028
2194,9/20/2017,-0.010417129
2195,9/21/2017,-0.012403543
2196,9/22/2017,0.001889545
2197,9/25/2017,0.005771857
2198,9/26/2017,0.011495398
2199,9/27/2017,0.003262761
2200,9/28/2017,-0.005291799
2201,9/29/2017,0.003524569
2202,10/2/2017,-0.005057923
2203,10/3/2017,0.002056769
2204,10/4/2017,-0.001688345
2205,10/5/2017,0.004565236
2206,10/6/2017,0.002410219
2207,10/9/2017,0.004020075
2208,10/10/2017,4.11E-05
2209,10/11/2017,0.002859444
2210,10/12/2017,-0.001016696
2211,10/13/2017,0.003554113
2212,10/16/2017,0.013382488
2213,10/17/2017,0.004524806
2214,10/18/2017,-0.002271116
2215,10/19/2017,-0.007510735
2216,10/20/2017,-0.002748135
2217,10/23/2017,0.001882466
2218,10/24/2017,0.006491756
2219,10/25/2017,0.001435029
2220,10/26/2017,0.003742884
2221,10/27/2017,0.019847181
2222,10/30/2017,0.01732298
2223,10/31/2017,0.008061347
2224,11/1/2017,-0.014315707
2225,11/2/2017,0.009514222
2226,11/3/2017,-0.010095999
2227,11/6/2017,0.009914866
2228,11/7/2017,0.007494211
2229,11/8/2017,0.00770753
2230,11/9/2017,0.003834611
2231,11/10/2017,0.0008225
2232,11/13/2017,0.003488968
2233,11/14/2017,-0.006361241
2234,11/15/2017,0.000185478
2235,11/16/2017,3.99E-06
2236,11/17/2017,0.000912516
2237,11/20/2017,0.002294906
2238,11/21/2017,0.015456006
2239,11/22/2017,0.014954929
2240,11/24/2017,0.003845006
2241,11/27/2017,-7.40E-05
2242,11/28/2017,-0.01035308
2243,11/29/2017,-0.012424594
2244,11/30/2017,0.008337785
2245,12/1/2017,0.01239529
2246,12/4/2017,-0.002740521
2247,12/5/2017,0.008192186
2248,12/6/2017,0.014033846
2249,12/7/2017,0.006468908
2250,12/8/2017,-0.003171235
2251,12/11/2017,0.025350699
2252,12/12/2017,0.003734064
2253,12/13/2017,0.004571374
2254,12/14/2017,0.009098829
2255,12/15/2017,-0.002390899
2256,12/18/2017,0.008062107
2257,12/19/2017,0.001724663
2258,12/20/2017,0.001291015
2259,12/21/2017,0.005057075
2260,12/22/2017,0.001860859
2261,12/26/2017,-0.002233764
2262,12/27/2017,0.002798855
2263,12/28/2017,0.000177949
2264,12/29/2017,-0.00171852
2265,1/2/2018,0.008470529
2266,1/3/2018,-0.007673978
2267,1/4/2018,0.000961228
2268,1/5/2018,0.005269732
2269,1/8/2018,-0.002590637
2270,1/9/2018,-0.002133525
2271,1/10/2018,0.004543717
2272,1/11/2018,-0.001393144
2273,1/12/2018,-0.000624281
2274,1/16/2018,-0.001465666
2275,1/17/2018,0.010633437
2276,1/18/2018,0.000239296
2277,1/19/2018,-0.003376654
2278,1/22/2018,-0.010951859
2279,1/23/2018,-0.003768429
2280,1/24/2018,-0.014538405
2281,1/25/2018,-0.016865021
2282,1/26/2018,-0.0113167
2283,1/29/2018,-0.008956238
2284,1/30/2018,0.011337723
2285,1/31/2018,0.005943224
2286,2/1/2018,0.001465995
2287,2/2/2018,-0.017239092
2288,2/5/2018,0.018702424
2289,2/6/2018,0.01663493
2290,2/7/2018,-0.019091596
2291,2/8/2018,0.006564463
2292,2/9/2018,-0.003181949
2293,2/12/2018,0.024507637
2294,2/13/2018,0.01075066
2295,2/14/2018,0.010187462
2296,2/15/2018,0.017159607
2297,2/16/2018,0.001214356
2298,2/20/2018,0.004871645
2299,2/21/2018,0.000295868
2300,2/22/2018,0.010409629
2301,2/23/2018,0.003506206
2302,2/26/2018,0.011402104
2303,2/27/2018,0.013138194
2304,2/28/2018,0.012123533
2305,3/1/2018,-0.002555434
2306,3/2/2018,0.011041826
2307,3/5/2018,-0.003663303
2308,3/6/2018,-0.001750565
2309,3/7/2018,-0.004460809
2310,3/8/2018,0.010031168
2311,3/9/2018,0.003565111
2312,3/12/2018,0.014142125
2313,3/13/2018,0.000463021
2314,3/14/2018,0.002302173
2315,3/15/2018,0.0077692
2316,3/16/2018,-0.002728405
2317,3/19/2018,-0.001231218
2318,3/20/2018,-0.000329754
2319,3/21/2018,-0.020124405
2320,3/22/2018,0.008911709
2321,3/23/2018,0.00244874
2322,3/26/2018,0.016111995
2323,3/27/2018,-0.010319404
2324,3/28/2018,-0.00137173
2325,3/29/2018,-0.008182142
2326,4/2/2018,0.019676574
2327,4/3/2018,-0.003136945
2328,4/4/2018,0.013627563
2329,4/5/2018,0.000642369
2330,4/6/2018,-0.001410821
2331,4/9/2018,0.002126248
2332,4/10/2018,-0.002170912
2333,4/11/2018,-0.000174343
2334,4/12/2018,0.001386287
2335,4/13/2018,0.007939781
2336,4/16/2018,0.002979832
2337,4/17/2018,0.006406259
2338,4/18/2018,0.000985125
2339,4/19/2018,-0.003006142
2340,4/20/2018,-0.020876059
2341,4/23/2018,-0.007257666
2342,4/24/2018,0.000992884
2343,4/25/2018,0.0032916
2344,4/26/2018,-0.005393023
2345,4/27/2018,-0.008900374
2346,4/30/2018,0.029601181
2347,5/1/2018,0.011611753
2348,5/2/2018,0.01332271
2349,5/3/2018,0.004069824
2350,5/4/2018,0.013561807
2351,5/7/2018,-0.000513214
2352,5/8/2018,0.003853353
2353,5/9/2018,-0.002732683
2354,5/10/2018,0.005704701
2355,5/11/2018,-0.003730087
2356,5/14/2018,0.000313378
2357,5/15/2018,0.003545985
2358,5/16/2018,0.010841521
2359,5/17/2018,-0.00208622
2360,5/18/2018,-8.81E-05
2361,5/21/2018,0.000268157
2362,5/22/2018,0.002000544
2363,5/23/2018,0.006260104
2364,5/24/2018,0.000669299
2365,5/25/2018,0.005428167
2366,5/29/2018,0.009987008
2367,5/30/2018,-0.005372381
2368,5/31/2018,0.006159492
2369,6/1/2018,0.011156328
2370,6/4/2018,0.00320503
2371,6/5/2018,0.004626957
2372,6/6/2018,-0.000458968
2373,6/7/2018,0.002138241
2374,6/8/2018,0.001496923
2375,6/11/2018,0.00250076
2376,6/12/2018,0.008626479
2377,6/13/2018,-0.001258797
2378,6/14/2018,0.000636886
2379,6/15/2018,-0.00907919
2380,6/18/2018,-0.000234066
2381,6/19/2018,-0.003411825
2382,6/20/2018,0.000967016
2383,6/21/2018,-0.004268426
2384,6/22/2018,-0.004041632
2385,6/25/2018,0.00131064
2386,6/26/2018,0.007086264
2387,6/27/2018,0.004036263
2388,6/28/2018,0.000727584
2389,6/29/2018,-0.004178369
2390,7/2/2018,0.008543652
2391,7/3/2018,-0.01439757
2392,7/5/2018,-0.003610247
2393,7/6/2018,0.004431605
2394,7/9/2018,-0.000111213
2395,7/10/2018,-0.004561942
2396,7/11/2018,-0.003167133
2397,7/12/2018,0.003054109
2398,7/13/2018,-0.001119598
2399,7/16/2018,-0.003036508
2400,7/17/2018,0.000838648
2401,7/18/2018,-0.009877799
2402,7/19/2018,0.011729312
2403,7/20/2018,-0.002374379
2404,7/23/2018,0.001261564
2405,7/24/2018,0.002571743
2406,7/25/2018,-0.00132965
2407,7/26/2018,-0.00347006
2408,7/27/2018,-0.013507765
2409,7/30/2018,-0.005774909
2410,7/31/2018,-0.002823065
2411,8/1/2018,0.013486378
2412,8/2/2018,0.022021873
2413,8/3/2018,-7.82E-05
2414,8/6/2018,0.000687547
2415,8/7/2018,-0.012129865
2416,8/8/2018,0.004648116
2417,8/9/2018,0.008412406
2418,8/10/2018,0.004429381
2419,8/13/2018,0.013123908
2420,8/14/2018,-0.002830107
2421,8/15/2018,0.009612839
2422,8/16/2018,0.007666588
2423,8/17/2018,0.017616368
2424,8/20/2018,-0.009902665
2425,8/21/2018,-0.00587176
2426,8/22/2018,0.0060079
2427,8/23/2018,0.007137123
2428,8/24/2018,-0.003180475
2429,8/27/2018,0.003032603
2430,8/28/2018,0.00705668
2431,8/29/2018,0.01086919
2432,8/30/2018,0.012801525
2433,8/31/2018,0.005906022
2434,9/4/2018,0.002464117
2435,9/5/2018,-0.005396194
2436,9/6/2018,-0.007894579
2437,9/7/2018,-0.002061673
2438,9/10/2018,-0.007107848
2439,9/11/2018,0.023453609
2440,9/12/2018,-0.014873575
2441,9/13/2018,0.013761878
2442,9/14/2018,-0.005287552
2443,9/17/2018,-0.011661143
2444,9/18/2018,5.81E-05
2445,9/19/2018,0.001123163
2446,9/20/2018,-0.001583132
2447,9/21/2018,-0.012335629
2448,9/24/2018,0.017453866
2449,9/25/2018,0.011851068
2450,9/26/2018,-0.001020603
2451,9/27/2018,0.002134494
2452,9/28/2018,-0.000236962
2453,10/1/2018,-0.003663318
2454,10/2/2018,0.006977373
2455,10/3/2018,0.010345771
2456,10/4/2018,-0.00807674
2457,10/5/2018,-0.011626198
2458,10/8/2018,0.002379686
2459,10/9/2018,0.012441507
2460,10/10/2018,-0.012865674
2461,10/11/2018,0.015735293
2462,10/12/2018,0.008702572
2463,10/15/2018,-0.014976125
2464,10/16/2018,-0.000983509
2465,10/17/2018,-0.006957258
2466,10/18/2018,0.000373652
2467,10/19/2018,0.006980633
2468,10/22/2018,0.009217364
2469,10/23/2018,0.019956241
2470,10/24/2018,-0.006495709
2471,10/25/2018,-0.002430248
2472,10/26/2018,0.002134448
2473,10/29/2018,-0.015491077
2474,10/30/2018,-0.007213075
2475,10/31/2018,0.007247882
2476,11/1/2018,0.005434617
2477,11/2/2018,-0.001402631
2478,11/5/2018,-0.018599596
2479,11/6/2018,0.000616388
2480,11/7/2018,0.004857308
2481,11/8/2018,-0.006945286
2482,11/9/2018,0.000837191
2483,11/12/2018,-0.006200813
2484,11/13/2018,0.008483602
2485,11/14/2018,-0.020988226
2486,11/15/2018,0.001796291
2487,11/16/2018,0.010263178
2488,11/19/2018,-0.005898122
2489,11/20/2018,-0.001595222
2490,11/21/2018,-0.011772322
2491,11/23/2018,-0.013889628
2492,11/26/2018,-0.002725436
2493,11/27/2018,0.009676948
2494,11/28/2018,0.006805252
2495,11/29/2018,-0.016478486
2496,11/30/2018,-0.014577125
2497,12/3/2018,0.00701997
2498,12/4/2018,0.007349682
2499,12/6/2018,0.00400398
2500,12/7/2018,-0.005583963
2501,12/10/2018,0.026737087
2502,12/11/2018,-0.002985214
2503,12/12/2018,0.001429076
2504,12/13/2018,0.008598423
2505,12/14/2018,-0.009941483
2506,12/17/2018,0.008104088
2507,12/18/2018,0.01408161
2508,12/19/2018,-0.014180554
2509,12/20/2018,-0.010089565
2510,12/21/2018,-0.019173178
2511,12/24/2018,0.006650496
2512,12/26/2018,0.011518707
2513,12/27/2018,-0.024410191
2514,12/28/2018,-0.00500392